-- Insertar estudiantes
INSERT INTO estudiante (numero_identificacion, nombre, nombre_2, apellido, apellido_2) VALUES
(7166103899, 'Carlos', 'Santiago', 'Gómez', 'Guerrero'),
(9265461569, 'Isabella', 'Santiago', 'Rodríguez', 'Ortiz'),
(4941164609, 'Andrés', 'Felipe', 'Torres', 'Vega'),
(5210378984, 'Isabella', 'Laura', 'Pérez', 'Guerrero'),
(3706630813, 'Sofía', 'Santiago', 'López', 'Vargas'),
(2858836398, 'Sofía', 'David', 'Torres', 'Castro'),
(4065442064, 'María', 'Daniela', 'García', 'Paredes'),
(5746857224, 'Mateo', 'Gabriela', 'Torres', 'Cabrera'),
(3435547833, 'Valentina', 'Felipe', 'Rodríguez', 'Paredes'),
(9534327316, 'Luis', 'Daniela', 'Rodríguez', 'Medina'),
(5752087394, 'Camila', 'Felipe', 'López', 'Paredes'),
(3531760311, 'Luis', 'David', 'Torres', 'Rojas'),
(5006001756, 'Mateo', 'Laura', 'Rodríguez', 'Vega'),
(8803357346, 'Luis', 'Alejandro', 'Rodríguez', 'Vargas'),
(8798758712, 'Juan', 'Laura', 'Ramírez', 'Rojas'),
(6036899464, 'Andrés', 'Gabriela', 'Torres', 'Ortiz'),
(6356708619, 'Sofía', 'Paula', 'Ramírez', 'Vargas'),
(8657112204, 'Luis', 'Laura', 'Torres', 'Guerrero'),
(9735656134, 'Carlos', 'Laura', 'Martínez', 'Castro'),
(6866153961, 'Isabella', 'Daniela', 'Hernández', 'Ortiz'),
(9339233625, 'Camila', 'Sebastián', 'Martínez', 'Cabrera'),
(2384231930, 'Carlos', 'Paula', 'Torres', 'Rojas'),
(5191005360, 'Carlos', 'Juliana', 'García', 'Ortiz'),
(1881915682, 'Juan', 'Juliana', 'Hernández', 'Castro'),
(9575883557, 'Valentina', 'Paula', 'Pérez', 'Vargas'),
(9973326370, 'Carlos', 'David', 'Sánchez', 'Rojas'),
(6703496503, 'Juan', 'Alejandro', 'Hernández', 'Paredes'),
(5286519263, 'Mateo', 'Felipe', 'Gómez', 'Rojas'),
(9059287833, 'Carlos', 'Laura', 'Torres', 'Paredes'),
(9247852136, 'Andrés', 'Paula', 'Rodríguez', 'Vega'),
(4286295974, 'Isabella', 'Sebastián', 'Rodríguez', 'Ortiz'),
(5140249810, 'Juan', 'Felipe', 'Ramírez', 'Medina'),
(4738366821, 'Sofía', 'Felipe', 'Gómez', 'Vargas'),
(8140973290, 'Camila', 'Daniela', 'Sánchez', 'Vargas'),
(5623957202, 'Isabella', 'Felipe', 'Gómez', 'Vargas'),
(8002506296, 'Luis', 'David', 'López', 'Vega'),
(2870455462, 'María', 'Laura', 'Ramírez', 'Morales'),
(7907013216, 'María', 'Santiago', 'Rodríguez', 'Paredes'),
(7101393111, 'Carlos', 'Felipe', 'Torres', 'Morales'),
(1000359501, 'Juan', 'Alejandro', 'Rodríguez', 'Rojas'),
(7040693775, 'Sofía', 'Gabriela', 'López', 'Guerrero'),
(8047680118, 'María', 'David', 'Torres', 'Guerrero'),
(5671737076, 'Luis', 'David', 'García', 'Rojas'),
(1589069575, 'Sofía', 'Alejandro', 'Hernández', 'Vargas'),
(8387265303, 'Mateo', 'Felipe', 'Hernández', 'Vega'),
(2677189277, 'Mateo', 'Laura', 'Hernández', 'Rojas'),
(7288740655, 'Andrés', 'Gabriela', 'Torres', 'Ortiz'),
(4425677869, 'Valentina', 'Felipe', 'Torres', 'Vargas'),
(3177390330, 'Carlos', 'Sebastián', 'García', 'Cabrera'),
(7340461421, 'Andrés', 'Daniela', 'Hernández', 'Castro'),
(7247949394, 'Isabella', 'Daniela', 'Rodríguez', 'Rojas'),
(8415677444, 'María', 'Laura', 'Sánchez', 'Medina'),
(3819386291, 'Juan', 'David', 'Pérez', 'Vargas'),
(4391571609, 'Juan', 'Sebastián', 'Hernández', 'Morales'),
(3408673470, 'Isabella', 'Juliana', 'Rodríguez', 'Paredes'),
(7074300960, 'María', 'David', 'Pérez', 'Vargas'),
(1200187093, 'Valentina', 'Juliana', 'Rodríguez', 'Paredes'),
(2758724444, 'Camila', 'Daniela', 'Gómez', 'Morales'),
(6441624901, 'María', 'Laura', 'Sánchez', 'Medina'),
(8256067684, 'Juan', 'Laura', 'Martínez', 'Ortiz'),
(9271681500, 'Mateo', 'Paula', 'Sánchez', 'Vargas'),
(7316998108, 'Mateo', 'Laura', 'García', 'Ortiz'),
(4894926591, 'Andrés', 'David', 'Sánchez', 'Ortiz'),
(4265386567, 'María', 'Alejandro', 'Ramírez', 'Guerrero'),
(7184638654, 'Camila', 'Daniela', 'Rodríguez', 'Castro'),
(4526868573, 'María', 'Alejandro', 'Rodríguez', 'Medina'),
(5688332070, 'Carlos', 'Alejandro', 'López', 'Cabrera'),
(8779726468, 'Mateo', 'Paula', 'Torres', 'Ortiz'),
(8393583096, 'Andrés', 'Daniela', 'Rodríguez', 'Paredes'),
(9645081932, 'Isabella', 'Paula', 'Pérez', 'Vargas'),
(8545247341, 'Andrés', 'Felipe', 'Martínez', 'Paredes'),
(7711558339, 'Valentina', 'Laura', 'Pérez', 'Cabrera'),
(2226587769, 'Andrés', 'Alejandro', 'Sánchez', 'Ortiz'),
(6234250658, 'Juan', 'Felipe', 'Sánchez', 'Rojas'),
(4839275066, 'Carlos', 'Santiago', 'Sánchez', 'Castro'),
(6906407690, 'Carlos', 'Santiago', 'Sánchez', 'Vega'),
(6029001681, 'Valentina', 'Laura', 'Hernández', 'Cabrera'),
(9097216215, 'Isabella', 'Alejandro', 'Gómez', 'Morales'),
(6523478181, 'Carlos', 'Laura', 'Torres', 'Cabrera'),
(9872400514, 'Carlos', 'Daniela', 'Pérez', 'Vega'),
(3032430022, 'Juan', 'Daniela', 'López', 'Cabrera'),
(4396311295, 'Camila', 'Juliana', 'Rodríguez', 'Castro'),
(9653928582, 'Camila', 'Paula', 'Martínez', 'Castro'),
(7787699620, 'Carlos', 'Juliana', 'Gómez', 'Guerrero'),
(3337576984, 'Andrés', 'Alejandro', 'Gómez', 'Morales'),
(7638647323, 'Valentina', 'Felipe', 'Pérez', 'Castro'),
(2711226885, 'Carlos', 'Alejandro', 'García', 'Rojas'),
(6091326987, 'Carlos', 'Gabriela', 'Sánchez', 'Paredes'),
(4958434937, 'Mateo', 'Santiago', 'López', 'Rojas'),
(4075195980, 'Mateo', 'Daniela', 'Hernández', 'Cabrera'),
(1389597188, 'Juan', 'Juliana', 'Sánchez', 'Medina'),
(8843845484, 'Valentina', 'Sebastián', 'García', 'Paredes'),
(7101317620, 'Luis', 'Santiago', 'Ramírez', 'Cabrera'),
(5588430249, 'Carlos', 'Daniela', 'Torres', 'Rojas'),
(1708899100, 'Carlos', 'Santiago', 'Sánchez', 'Vega'),
(6585529508, 'Carlos', 'David', 'Ramírez', 'Castro'),
(8097360170, 'Camila', 'Paula', 'Hernández', 'Cabrera'),
(5807906213, 'María', 'Alejandro', 'Martínez', 'Ortiz'),
(2735073496, 'Valentina', 'Felipe', 'Martínez', 'Guerrero'),
(6514969728, 'Luis', 'Santiago', 'Hernández', 'Ortiz'),
(2364199468, 'Valentina', 'Alejandro', 'Gómez', 'Vega'),
(8255815399, 'Isabella', 'Daniela', 'García', 'Castro'),
(6448376632, 'Mateo', 'Felipe', 'Hernández', 'Castro'),
(3714266742, 'Sofía', 'Santiago', 'Ramírez', 'Morales'),
(1949971450, 'Juan', 'David', 'Rodríguez', 'Vargas'),
(3088798892, 'Carlos', 'Alejandro', 'López', 'Paredes'),
(2610382000, 'Isabella', 'Daniela', 'Gómez', 'Vargas'),
(5383248388, 'Luis', 'Daniela', 'Sánchez', 'Castro'),
(7572103096, 'Luis', 'Alejandro', 'Gómez', 'Morales'),
(1332043518, 'Juan', 'Santiago', 'Sánchez', 'Medina'),
(6222704912, 'Carlos', 'Laura', 'Sánchez', 'Guerrero'),
(5843987793, 'Luis', 'Alejandro', 'Torres', 'Guerrero'),
(4516704772, 'Luis', 'Daniela', 'Rodríguez', 'Rojas'),
(9326531125, 'María', 'Santiago', 'Rodríguez', 'Paredes'),
(1406635670, 'Juan', 'Laura', 'Rodríguez', 'Castro'),
(3242638333, 'Camila', 'Paula', 'López', 'Guerrero'),
(2641403078, 'Sofía', 'Felipe', 'Ramírez', 'Guerrero'),
(1087551339, 'Andrés', 'Gabriela', 'López', 'Cabrera'),
(3388418889, 'Carlos', 'David', 'Torres', 'Ortiz'),
(1763273339, 'María', 'Paula', 'Gómez', 'Vargas'),
(6283634794, 'Camila', 'David', 'Hernández', 'Rojas'),
(4278591685, 'Isabella', 'Daniela', 'Rodríguez', 'Vega'),
(5679763197, 'Mateo', 'Gabriela', 'Pérez', 'Ortiz'),
(5777121525, 'Luis', 'David', 'Ramírez', 'Vega'),
(7824780587, 'Juan', 'Felipe', 'Rodríguez', 'Vega'),
(1899579974, 'Juan', 'Paula', 'Torres', 'Morales'),
(5130953672, 'Mateo', 'Juliana', 'López', 'Vega'),
(9693857343, 'Andrés', 'Sebastián', 'Sánchez', 'Rojas')
;

-- Insertar profesores
INSERT INTO profesor (id_profesor, numero_identificacion, nombre, nombre_2, apellido, apellido_2) VALUES
(1,2196457237, 'ANDRÉS FELIPE', 'ISAZA', 'PIEDRAHITA'),
(2, 2196457237, 'ANGEL GABRIEL', 'DIAZ', 'MAZA'),
(3, 5082953970, 'BAYARDO EMILIO', 'CADAVID', 'GOMEZ'),  
(4, 1103150794, 'CARLOS ALBERTO', 'VALENCIA', 'HERNÁNDEZ'),
(5, 3808466579, 'CARLOS MARIO', 'MORENO', 'PANIAGUA'),  
(6, 9791144333, 'CLAUDIA MARIA', 'GIRALDO', 'FLOREZ'), 
(7, 1251563156, 'CRISTIAN', 'CORTES', 'CHICA'),  
(8, 6716650841, 'DAVID', 'PULGARIN', 'VELASQUEZ'),  
(9, 3450517541, 'ELKIN MAURICIO', 'GONZÁLEZ', 'MONTOYA'), 
(10, 5893445182, 'GERMÁN', 'SIERRA', 'PORTELA'), 
(11, 2992388848, 'HECTOR SAHIR', 'TABORDA', 'VARGAS'), 
(12, 1449680310, 'JAIME ERNESTO', 'SOTO', 'URDANETA'), 
(13, 2849489504, 'JHON JAIRO', 'RUEDA', 'ECHAVARRIA'),  
(14, 9682616145, 'JUAN CAMILO', 'HERRERA', 'PINEDA'),  
(15, 4151785278, 'JUAN CARLOS', 'RIVERA', 'SANTOS'),
(16, 3816385239, 'JUAN DAVID', 'PIEDRAHÍTA', 'GIL'),
(17, 8660480953, 'JUAN ESTEBAN', 'MORENO', 'VERA'),
(18, 1941319130, 'JUAN GONZALO', 'ZULUAGA', 'BOTERO'),
(19, 6960867968, 'JUAN LUIS', 'PALACIO', 'BEDOYA'),
(20, 9894744052, 'JULIAN', 'MORA', 'OROZCO'),
(21, 7342069655, 'JULIO PASTOR', 'RESTREPO', 'ZAPATA'),
(22, 9799130662, 'KEVIN', 'OSORNO', 'CASTILLO'),  
(23, 5209240673, 'LILIANA MARIA', 'GARCIA', 'AGUIRRE'),
(24, 5926109150, 'LUIS GUILLERMO', 'ZULETA', 'GONZALEZ'),
(25, 9767952068, 'ORALIA', 'CORTES', 'GRAJALES'),
(26, 5166749435, 'RAMIRO ANTONIO', 'LOPERA', 'SANCHEZ'),
(27, 5187293625, 'RAUL ALBERTO', 'BEDOYA', 'CASTRILLON'), 
(28, 8842654292, 'ROBERT DAVID', 'URDA', 'BENITEZ'),
(29, 2117625548, 'SANDRA MARCELA', 'GUERRERO', 'CALVACHE'),
(30, 4478630676, 'SERGIO HERNANDO', 'RUIZ', 'OBANDO'),
(31, 2641937103, 'VESNA', 'SRDANOVIC', ''), 
(32, 1519370324, 'WILLIAM', 'MONTOYA', 'DIAZ')
;  

-- Insertar usuarios
INSERT INTO usuario (id_usuario, correo, contrasena) VALUES
(1, 'andres.isaza503@pascualbravo.edu.co', 'andres123'),
(2, 'angel.diaz106@pascualbravo.edu.co', 'angel123'),
(3, 'b.cadavid@pascualbravo.edu.co', 'bayardo123'),
(4, 'carlos.valencia659@pascualbravo.edu.co', 'carlos123'),
(5, 'carlos.moreno58@pascualbravo.edu.co', 'carlos123'),
(6, 'claudia.giraldo918@pascualbravo.edu.co', 'claudia123'),
(7, 'c.lopez1422@pascualbravo.edu.co', 'cristina123'),
(8, 'diego.orozco@pascualbravo.edu.co', 'diego123'),
(9, 'elkin.gonzalez459@pascualbravo.edu.co', 'elkin123'),
(10, 'german.sierra157@pascualbravo.edu.co', 'german123'),
(11, 'hector.taborda527@pascualbravo.edu.co', 'hector123'),
(12, 'jaime.soto@pascualbravo.edu.co', 'jaime123'),
(13, 'juan.zapatah@pascualbravo.edu.co', 'juan123'),
(14, 'juan.herrerap@pascualbravo.edu.co', 'juan123'),
(15, 'javier.saldarriaga@pascualbravo.edu.co', 'javier123'),
(16, 'juan.cardona@pascualbravo.edu.co', 'juan123'),
(17, 'juan.moreno629@pascualbravo.edu.co', 'juan123'),
(18, 'juan.zuluaga572@pascualbravo.edu.co', 'juan123'),
(19, 'juan.palacio997@pascualbravo.edu.co', 'juan123'),
(20, 'julian.galeano@pascualbravo.edu.co', 'julian123'),
(21, 'jesus.calle@pascualbravo.edu.co', 'jesus123'),
(22, 'kevin.osorno796@pascualbravo.edu.co', 'kevin123'),
(23, 'liliana.garciaa@pascualbravo.edu.co', 'liliana123'),
(24, 'luis.zuleta242@pascualbravo.edu.co', 'luis123'),
(25, 'oralia.cortes22@pascualbravo.edu.co', 'oralia123'),
(26, 'r.lopera@pascualbravo.edu.co', 'ramiro123'),
(27, 'ruben.fonnegr@pascualbravo.edu.co', 'ruben123'),
(28, 'robert.urda446@pascualbravo.edu.co', 'robert123'),
(29, 'sandra.guerrero@pascualbravo.edu.co', 'sandra123'),
(30, 's.ruiz@pascualbravo.edu.co', 'sergio123'),
(31, 'vesna.srdanovic@pascualbravo.edu.co', 'vesna123'),
(32, 'v.quinterota@pascualbravo.edu.co', 'vudy23')
;

-- Insertar tipos de proyecto
INSERT INTO tipo_proyecto (id_tipo_proyecto, tipo_proyecto) VALUES
(1, 'PIA'),
(2, 'PA'),
(3, 'PE'),
(4, 'PI')
;

-- Insertar proyectos
INSERT INTO proyecto (id_proyecto, titulo, descripcion) VALUES
(1, 'Manilla de registros biomédicos - Smart Health', 'PIA'),  
(2, 'Smart Farm', 'PIA'),  
(3, 'Sistema de medición IoT de temperatura para un extrusor de plástico por inducción electromagnética', 'PIA'),  
(4, 'Prototipo de Sistema de Información Web para la gestión de proyectos PA/PIA', 'PIA'),  
(5, 'Estabilizador con volante de inercia basado en un filtro kalman', 'PIA'),  
(6, 'Implementación de robot movil basado en arduino', 'PIA'),
(7, 'Robot movil de 600 vatios controlado via inalambrica', 'PIA'), 
(8, 'Control de navegación autonoma de una plataforma robótica', 'PIA'),  
(9, 'Sistema Ágil Cívica', 'PIA'),  
(10, 'Gestión Inmobiliaria 360', 'PIA'),  
(11, 'Solución Integral de Nómina con Simulador Personalizado para Empleados - NOMINAPLUS', 'PIA'), 
(12, 'Estampado neumático por clasificación de materiales por color', 'PIA'),  
(13, 'SYSARCS (sISTEMA DE ACCESO RAPIDO Y CONFIABLE Y SEGURO)', 'PIA'),  
(14, 'Creación de una empresa e implementar su desarrollo', 'PIA'),  
(15, 'Banda troqueladora de arepas', 'PIA'),  
(16, 'Diseño y construcción de una máquina para la elaboración de filamento, mediante el aprovechamiento del material reciclado "botellas PET" de la Institución Universitaria Pascual Bravo', 'PIA'),  
(17, 'InkPOS', 'PA'),  
(18, 'Aplicativo Web JAL Comuna 3', 'PA'),  
(19, 'Helados Mi familia', 'PA'),  
(20, 'SGIRD - Software de gestión integral de restaurantes y delivery', 'PA'),  
(21, 'SIMULACIÓN ESTÁTICA DE UNA ESTRUCTURA MECÁNICA', 'PA'),  
(22, 'BANDA TRANSPORTADORA INCLINADA', 'PA'),  
(23, 'Diseñar e implementar un modelo de control de acceso utilizando el teclado matricial', 'PA'),  
(24, 'Control de dispositivos Vía Telegram', 'PA'),  
(25, 'PLATAFORMA STEWART', 'PA'),  
(26, 'Diseño de un control programado para un sistema móvil con dos llantas, a partir de lógica combinacional (Arduino)', 'PA'),  
(27, 'AGENTES INTELIGENTES - IA - SOFTWARE', 'PA'),  
(28, 'Proyectos iniciación con Arduino', 'PA'),  
(29, 'Solucionando problemas de mi entorno con C#', 'PA'),  
(30, 'Simulación de antena HORN', 'PA'),  
(31, 'Diseño e implementación de un controlador PID para una cabina de secado de aire utilizada en la remoción de humedad residual en plantas deshidratadas', 'PA'),  
(32, 'Controlador PID para un "Levitador Neumático"', 'PA')
;

-- Insertar tipos de entregable
INSERT INTO tipo_entregable (tipo_entregable, descripcion) VALUES
(1, 'Poster'), (2, 'Informe'), (3, 'Prototipo')
;

-- Insertar tipo de insumo
INSERT INTO tipo_insumo (tipo_insumo, valor) VALUES
('Proyector'), ('Internet'), ('Sonido'), ('Pantalla'),
('Computador'), ('Cable HDMI'), ('Protoboard'), ('Arduino'), ('Sillas'),
('Mesas'), ('Tomas eléctricas'), ('Aire acondicionado'), ('Iluminación'),
('Cámara'), ('Resistencias'), ('Wifi')
;

-- Insertar países
INSERT INTO pais (id_pais, pais) VALUES
(1, 'Colombia'),
(2, 'México'),
(3, 'Argentina')
;

-- Insertar taller de tránsito
INSERT INTO taller_transito (nombre) VALUES
(1, 'preinscripcion'),
(2, 'inscripcion'),
(3, 'correcciones'),
(4, 'presentacion'),
(5, 'pitch'),
(6, 'implementacion')
;

-- permiso 
INSERT INTO permiso (crear, leer, actualizar, borrar, leer_nota, actualizar_nota) VALUES
(true, true, true, true, true, true),       -- id 1 → Evaluador
(false, true, false, false, true, false),   -- id 2 → Estudiante
(true, true, true, false, true, false),     -- id 3 → Docente
(true, false, false, false, true, false);   -- id 4 → Administrador


-- linea_de_investigacion
INSERT INTO linea_de_investigacion (id_linea, linea_investigacion, descripcion) VALUES
(1, 'Energías renovables', 'Estudio y desarrollo de soluciones basadas en fuentes limpias y sostenibles.'),
(2, 'Eficiencia energética', 'Optimización del uso de la energía y reducción del impacto ambiental.'),
(3, 'Automatización y robótica', 'Implementación de sistemas automatizados para mejorar procesos industriales.'),
(4, 'Diseño y manufactura', 'Innovación en el diseño y la fabricación de productos avanzados.'),
(5, 'Software y TIC', 'Creación y mejora de soluciones digitales para diferentes sectores.'),
(6, 'IA y machine learning', 'Aplicación de algoritmos inteligentes para resolver problemas complejos.'),
(7, 'Ciberseguridad', 'Desarrollo de herramientas y prácticas para garantizar la seguridad digital.'),
(8, 'Electrónica aplicada', 'Diseño y aplicación de sistemas electrónicos en dispositivos específicos.'),
(9, 'Telecomunicaciones', 'Investigación en tecnologías de comunicación y transmisión de datos.'),
(10, 'Ingeniería ambiental', 'Soluciones para proteger el medio ambiente y manejar residuos de forma eficiente.'),
(11, 'Producción y logística', 'Optimización de cadenas de suministro y procesos de producción.'),
(12, 'Gestión empresarial', 'Mejoras en la gestión y administración de empresas e instituciones.'),
(13, 'Emprendimiento', 'Desarrollo de ideas innovadoras y estrategias de mercado.'),
(14, 'Economía circular', 'Promoción de modelos sostenibles que reduzcan el desperdicio y mejoren el impacto social.'),
(15, 'Diseño e innovación', 'Creación de productos novedosos adaptados a las necesidades del mercado.'),
(16, 'Mantenimiento aero.', 'Investigación en mantenimiento de aeronaves y optimización energética.'),
(17, 'Educación y aprendizaje', 'Aplicación de herramientas y metodologías para mejorar los procesos educativos.'),
(18, 'Optimización ind.', 'Análisis y mejora de procesos para incrementar la eficiencia en la industria.'),
(19, 'Transformación digital', 'Uso de tecnologías digitales y análisis avanzado para la toma de decisiones.'),
(20, 'Ciencias aplicadas', 'Aplicación práctica del conocimiento científico para generar innovación tecnológica.');


-- entregable
INSERT INTO entregable (id_tipo_entregable, descripcion) VALUES
(2, 'Informe escrito completo'),
(3, 'Prototipo funcional'),
(2, 'Informe en diapositivas'),
(2, 'Manual de usuario'),
(2, 'Informe demostrativo'),
(3, 'Prototipo Código fuente'),
(2, 'Guía de instalación'),
(2, 'Mapa de procesos'),
(2, 'Informe de pruebas'),
(2, 'Documento de requerimientos'),
(1, 'Poster de condorito');

-- rol 
INSERT INTO rol (rol, id_permiso) VALUES
('Evaluador', 1),
('Estudiante', 2),
('Docente', 3),
('Administrador', 4);

-- evaluador
INSERT INTO evaluador (nombre, nombre_2, apellido, apellido_2, id_usuario) VALUES
('Vesna', NULL, 'Srdanovic', NULL, 31),
('Ramiro', 'Antonio', 'Lopera', 'Sánchez', 26),
('Oscar', 'Julian', 'Galeano', 'Echeverri', 20),
('Sergio', 'Hernando', 'Ruiz', 'Obando', 30),
('Jesús', 'Ignacio', 'Calle', 'Pérez', 21),
('Diego', 'Hernando', 'Orozco', 'Gómez', 8),
('Juan', 'Camilo', 'Herrera', 'Pineda', 14),
('Yudy', 'Andrea', 'Quintero', 'Tangarife', 32),
('Javier', 'Alberto', 'Saldarriaga', 'Cano', 15),
('Rubén', 'Dario', 'Fonnegra', 'Tarazona', 27),
('Juan', 'Carlos', 'Cardona', 'Acosta', 16),
('Jaime', 'Ernesto', 'Soto', 'Urdaneta', 12),
('Sandra', 'Marcela', 'Guerrero', 'Calvache', 29),
('Bayardo', 'Emilio', 'Gómez', 'Cadavid', 3),
('Liliana', 'María', 'García', 'Aguirre', 23),
('Juan', 'Camilo', 'Zapata', 'Hernández', 13),
('Cristina', NULL, 'López', 'Ramírez', 7);

-- region
INSERT INTO region (id_region, region, id_pais) VALUES
(1, 'Antioquia', 1),
(2, 'Cundinamarca', 1),
(3, 'Caldas', 1);

-- municipio
INSERT INTO municipio (id_municipio, municipio, id_region) VALUES
(1, 'Medellín', 1),
(2, 'Bello', 1),
(3, 'Caldas', 1),
(4, 'La Estrella', 1),
(5, 'Copacabana', 1),
(6, 'Girardota', 1),
(7, 'Barbosa', 1),
(8, 'Sabaneta', 1),
(9, 'Itagüí', 1),
(10, 'Envigado', 1);


-- evaluacion
INSERT INTO evaluacion (id_proyecto, id_evaluador, observacion,
    criterio1, criterio2, criterio3, criterio4, criterio5,
    criterio6, criterio7, criterio8, criterio9, criterio10, fecha, hora, resultado) VALUES
(1, 1, 'Excelente avance', 4.5, 4.2, 4.8, 5.0, 4.6, 4.7, 4.9, 4.4, 4.3, 4.5, '2025-01-15', '14:30:00', 4.59),
(2, 2, 'Revisar documentación', 3.5, 3.8, 4.0, 3.9, 4.1, 3.7, 3.6, 4.2, 3.8, 3.9, '2025-02-10', '14:30:00', 3.85),
(3, 3, 'Cumple todos los criterios', 5.0, 4.9, 4.8, 4.9, 5.0, 4.8, 4.9, 5.0, 4.7, 4.8, '2025-03-05', '14:30:00', 4.88),
(4, 4, 'Buen enfoque', 4.0, 4.2, 4.1, 4.3, 4.0, 4.1, 4.2, 4.3, 4.1, 4.0, '2025-04-12', '14:30:00', 4.15),
(5, 5, 'Falta prueba de concepto', 3.5, 3.6, 3.8, 3.7, 3.5, 3.6, 3.8, 3.7, 3.5, 3.6, '2025-05-20', '14:30:00', 3.65),
(6, 6, 'Buen prototipo', 4.2, 4.4, 4.3, 4.5, 4.2, 4.4, 4.3, 4.5, 4.2, 4.4, '2025-06-18', '14:30:00', 4.33),
(7, 7, 'Muy innovador', 4.8, 4.9, 4.7, 4.9, 4.8, 4.9, 4.7, 4.9, 4.8, 4.9, '2025-07-22', '14:30:00', 4.84),
(8, 8, 'Ajustes menores', 3.9, 4.0, 3.8, 4.0, 3.9, 4.0, 3.8, 4.0, 3.9, 4.0, '2025-08-09', '14:30:00', 3.93),
(9, 9, 'Destacado', 4.7, 4.8, 4.9, 4.8, 4.7, 4.8, 4.9, 4.8, 4.7, 4.8, '2025-09-25', '14:30:00', 4.79),
(10, 10, 'Documentación incompleta', 3.2, 3.4, 3.3, 3.5, 3.2, 3.4, 3.3, 3.5, 3.2, 3.4, '2025-10-30', '14:30:00', 3.34);


-- universidad 
INSERT INTO universidad (id_universidad, id_municipio, nombre, sede) VALUES
(1, 1, 'Inst. Univ. Pascual Bravo', 'Robledo'),
(2, 1, 'Inst. Univ. Pascual Bravo', 'C4TA');

-- facultad 
INSERT INTO facultad (id_facultad, nombre, id_universidad) VALUES
(1, 'Ingeniería', 1),
(2, 'Producción y Diseño', 1);

-- departamento
INSERT INTO departamento (id_departamento, nombre, id_facultad) VALUES
(1, 'Sistemas Digitales', 1),
(2, 'Departamento de Mecánica',2),
(3, 'Departamento de Eléctrica',1),
(4, 'Departamento de Fundamentación Básica',2),
(5, 'Departamento de Posgrados',1);


-- programa_academico
INSERT INTO programa_academico (id_programa, nombre_programa, id_departamento) VALUES
(1, 'Ingeniería de Software', 1),
(2, 'Ingeniería Eléctrica', 3),
(3, 'Ingeniería Mecánica', 2),
(4, 'Ingeniería Administrativa', 4),
(5, 'Ingeniería Industrial', 4),
(6, 'Ingeniería en Logística', 4),
(7, 'Ingeniería en Producción', 4),
(8, 'Ingeniería en Materiales', 4),
(9, 'Tecnología en Desarrollo de Software', 1),
(10, 'Tecnología en Gestión del Mantenimiento Aeronáutico', 2),
(11, 'Tecnología en Supervisión de Sistemas de Generación y Distribución de Energía Eléctrica', 3),
(12, 'Tecnología Eléctrica', 3),
(13, 'Tecnología en Sistemas Electromecánicos', 3),
(14, 'Tecnología en Mecánica Automotriz', 2),
(15, 'Técnica Profesional en Fabricación Digital e Impresión 3D', 2),
(16, 'Tecnología en Electrónica Industrial', 3),
(17, 'Profesional en Gestión del Diseño', 5),
(18, 'Profesional en Diseño Gráfico', 5),
(19, 'Tecnología en Diseño y Producción Gráfica', 5),
(20, 'Tecnología en Producción Industrial', 2),
(21, 'Tecnología en Sistemas Mecatrónicos', 1),
(22, 'Tecnología en Mecánica Industrial', 2),
(23, 'Profesional en Diseño de Vestuario', 2),
(24, 'Tecnología en Animación Digital', 5),
(25, 'Tecnología en Diseño y Producción de Vestuario', 5),
(26, 'Tecnología en Gestión Logística', 2);


-- asignatura
INSERT INTO asignatura (id_asignatura, id_programa, nombre, nivel_estudio, nivel_formacion, ciencias, modalidad) VALUES
(1,1,'Base de Datos I','Pregrado','Básica','Informática','Presencial'),
(2,1,'Programación I','Pregrado','Técnica','Informática','Virtual'),
(3,9,'Programación web','Pregrado','Técnica','Informática','Presencial'),
(4,3,'Mecánica','Posgrado','Maestría','Técnica','Virtual'),
(5,1,'Herramientas de Programación I','Pregrado','Técnica','Informática','Presencial'),
(6,1,'Sistemas Operativos','Pregrado','Técnica','Informática','Presencial'),
(7,7,'Lengua Materna','Pregrado','Licenciatura','Humanidades','Virtual'),
(8,8,'Finanzas I','Pregrado','Técnica','Finanzas','Presencial'),
(9,9,'Emprendimiento','Posgrado','Maestría','Empresariales','Virtual'),
(10,1,'Electrónica Básica','Pregrado','Técnica','Electrónica','Presencial');


-- grupo
INSERT INTO grupo (id_grupo, id_asignatura, id_profesor, numero_grupo) VALUES
(187,1,12,51),
(179,3,12,179),
(53,10,31,53),
(427,4,1,201),
(38,5,10,202),
(60,6,20,203),
(124,7,22,301),
(875,8,26,302),
(99,9,8,303),
(140,5,4,401);


-- era 
INSERT INTO era (id_era, id_asignatura, descripcion) VALUES
(1,1,'Entrega a tiempo'),
(2,2,'Claridad conceptual'),
(3,3,'Diseño adecuado'),
(4,4,'Estructura lógica'),
(5,5,'Enfoque innovador'),
(6,6,'Rigurosidad técnica'),
(7,7,'Calidad literaria'),
(8,8,'Solidez financiera'),
(9,9,'Impacto social'),
(10,10,'Funcionalidad');


-- ira 
INSERT INTO ira (id_ira, id_asignatura, descripcion) VALUES
(1,1,'Interacción usuario'),
(2,2,'Eficiencia código'),
(3,3,'Ergonomía 3D'),
(4,4,'Análisis riesgo'),
(5,5,'Tasa conversión'),
(6,6,'Exactitud anatomía'),
(7,7,'Profundidad textual'),
(8,8,'Precisión financiera'),
(9,9,'Sostenibilidad'),
(10,10,'Conectividad');


-- prestamo_insumo
INSERT INTO prestamo_insumo (id_prestamo, id_insumo, id_proyecto, id_universidad, fecha_entrega, fecha_aprox_devolucion, fecha_devolucion, descripcion_estado) VALUES
(1,1,1,1,CURRENT_DATE,'2025-06-15',NULL,'Sin observaciones'),
(2,2,2,1,CURRENT_DATE,'2025-06-10',NULL,'Sin observaciones'),
(3,3,3,1,CURRENT_DATE,'2025-06-05',NULL,'Sin observaciones'),
(4,4,4,1,CURRENT_DATE,'2025-06-20',NULL,'Sin observaciones'),
(5,5,5,1,CURRENT_DATE,'2025-06-25',NULL,'Sin observaciones'),
(6,6,6,1,CURRENT_DATE,'2025-06-30',NULL,'Sin observaciones'),
(7,7,7,1,CURRENT_DATE,'2025-07-05',NULL,'Sin observaciones'),
(8,8,8,1,CURRENT_DATE,'2025-07-10',NULL,'Sin observaciones'),
(9,9,9,1,CURRENT_DATE,'2025-07-15',NULL,'Sin observaciones'),
(10,10,10,1,CURRENT_DATE,'2025-07-20',NULL,'Sin observaciones');



-- rep
INSERT INTO rep (id_rep, id_proyecto, descripcion) VALUES
(1,1,'Resultados esperados A'),
(2,2,'Resultados esperados B'),
(3,3,'Resultados esperados C'),
(4,4,'Resultados esperados D'),
(5,5,'Resultados esperados E'),
(6,6,'Resultados esperados F'),
(7,7,'Resultados esperados G'),
(8,8,'Resultados esperados H'),
(9,9,'Resultados esperados I'),
(10,10,'Resultados esperados J');


-- universidad_programa_academico 
INSERT INTO universidad_programa_academico (id_universidad, id_programa) VALUES
(1,1),(1,2),(1,3),(1,4),(1,5),(1,6),(1,7),(1,8),(1,9),(1,10),(1,11),(1,12),(1,13),(1,14),(1,15),(1,16),(1,17),(1,18),(1,19),(1,20),(1,21),(1,22),(1,23),(1,24),(1,25),(1,26);

-- usuario_proyecto_rol 
INSERT INTO usuario_proyecto_rol (id_usuario, id_proyecto, id_rol) VALUES
(1,26,3),(2,29,3),(3,17,1),(3,31,3),(4,8,3),
(5,3,3),(6,13,3),(7,4,1),(8,4,1),
(9,16,3),(10,27,3),(11,12,3),(12,4,3),(12,1,1),
(13,1,1),(14,8,3),(14,2,1),(15,3,1),(16,5,1),
(17,1,3),(17,2,3),(18,24,3),(19,5,3),(20,7,3),
(21,6,1),(22,13,3),(23,7,1),(23,9,3),(23,10,3),(24,30,3),
(25,11,3),(26,1,3),(26,2,3),(26,8,1),(27,9,1),(28,5,3),(28,6,3),
(29,17,3),(29,18,3),(29,19,3),(29,20,3),(29,30,1),(30,3,3),
(30,12,1),(31,23,3),(31,16,1),(32,32,1);


-- estudiante_grupo
INSERT INTO estudiante_grupo (id_estudiante, id_grupo) VALUES
(1,187),(2,187),(3,187),(4,187),(5,187),(6,187),(7,187),(8,187),
(9,179),(10,179),
(11,124),(12,124),
(13,427),(14,427),
(15,38),(16,38),
(17,60),(18,60),
(19,124),(20,124),
(21,875),(22,875),
(23,99),(24,99),
(25,140),(26,140),
(27,179),(28,179),
(29,124),(30,124),
(31,427),(32,427),
(33,38),(34,38),
(35,60),(36,60),
(37,124),(38,124),
(39,875),(40,875),
(41,99),(42,99),
(43,140),(44,140),
(45,179),(46,179),
(47,124),(48,124),
(49,427),(50,427),
(51,38),(52,38),
(53,60),(54,60),
(55,124),(56,124),
(57,875),(58,875),
(59,99),(60,99),
(61,140),(62,140),
(63,179),(64,179),
(65,124),(66,124),
(67,427),(68,427),
(69,38),(70,38),
(71,60),(72,60),
(73,124),(74,124),
(75,875),(76,875),
(77,99),(78,99),
(79,140),(80,140),
(81,179),(82,179),
(83,124),(84,124),
(85,427),(86,427),
(87,38),(88,38),
(89,60),(90,60),
(91,124),(92,124),
(93,875),(94,875),
(95,99),(96,99),
(97,140),(98,140),
(99,179),(100,179),
(101,124),(102,124),
(103,427),(104,427),
(105,38),(106,38),
(107,60),(108,60),
(109,124),(110,124),
(111,875),(112,875),
(113,99),(114,99),
(115,140),(116,140),
(117,179),(118,179),
(119,124),(120,124),
(121,427),(122,427),
(123,38),(124,38),
(125,60),(126,60),
(127,124),(128,124);


-- estudiante_programa_academico
INSERT INTO estudiante_programa_academico (id_estudiante, id_programa) VALUES
(1,1),(2,1),(3,1),(4,1),(5,1),(6,1),(7,1),(8,1),
(9,2),(10,3),
(11,4),(12,5),
(13,6),(14,7),
(15,8),(16,9),
(17,10),(18,11),
(19,12),(20,13),
(21,14),(22,15),
(23,16),(24,17),
(25,18),(26,19),
(27,20),(28,21),
(29,22),(30,23),
(31,24),(32,25),
(33,26),(34,2),
(35,3),(36,4),
(37,5),(38,6),
(39,7),(40,8),
(41,9),(42,10),
(43,11),(44,12),
(45,13),(46,14),
(47,15),(48,16),
(49,17),(50,18),
(51,19),(52,20),
(53,21),(54,22),
(55,23),(56,24),
(57,25),(58,26),
(59,2),(60,3),
(61,4),(62,5),
(63,6),(64,7),
(65,8),(66,9),
(67,10),(68,11),
(69,12),(70,13),
(71,14),(72,15),
(73,16),(74,17),
(75,18),(76,19),
(77,20),(78,21),
(79,22),(80,23),
(81,24),(82,25),
(83,26),(84,2),
(85,3),(86,4),
(87,5),(88,6),
(89,7),(90,8),
(91,9),(92,10),
(93,11),(94,12),
(95,13),(96,14),
(97,15),(98,16),
(99,17),(100,18),
(101,19),(102,20),
(103,21),(104,22),
(105,23),(106,24),
(107,25),(108,26),
(109,2),(110,3),
(111,4),(112,5),
(113,6),(114,7),
(115,8),(116,9),
(117,10),(118,11),
(119,12),(120,13),
(121,14),(122,15),
(123,16),(124,17),
(125,18),(126,19),
(127,20),(128,21);


-- grupo_proyecto con id_proyecto del 1 al 32
INSERT INTO grupo_proyecto (id_grupo, id_proyecto) VALUES
(53, 1), (99, 2), (60, 3),
(187, 4), (875, 5), (38, 6),
(124, 7), (875, 8), (140, 9),
(140, 10), (187, 11), (38, 12),
(140, 13), (179, 14), (99, 15),
(427, 16), (124, 17), (124, 18),
(124, 19), (124, 20), (60, 21),
(179, 22), (875, 23), (38, 24),
(53, 25), (60, 26), (38, 27),
(99, 28), (99, 29), (124, 30),
(140, 31), (140, 32);




-- era_proyecto
INSERT INTO era_proyecto (id_era, id_proyecto) VALUES
(1,1), (2,2), (3,3), (4,4), (5,5), (6,6), (7,7), (8,8), (9,9), (10,10),
(1,11), (2,12), (3,13), (4,14), (5,15), (6,16), (7,17), (8,18),
(9,19), (10,20), (1,21), (2,22), (3,23), (4,24), (5,25), (6,26),
(7,27), (8,28), (9,29), (10,30), (1,31), (2,32)
;


-- ira_proyecto
INSERT INTO ira_proyecto (id_ira, id_proyecto) VALUES
(1,1), (2,2), (3,3), (4,4), (5,5), (6,6), (7,7), (8,8), (9,9), (10,10),
(1,11), (2,12), (3,13), (4,14), (5,15), (6,16), (7,17), (8,18),
(9,19), (10,20), (1,21), (2,22), (3,23), (4,24), (5,25), (6,26),
(7,27), (8,28), (9,29), (10,30), (1,31), (2,32)
;


-- rep_proyecto 
INSERT INTO rep_proyecto (id_rep, id_proyecto) VALUES
(1,1), (2,2), (3,3), (4,4), (5,5), (6,6), (7,7), (8,8), (9,9), (10,10),
(1,11), (2,12), (3,13), (4,14), (5,15), (6,16), (7,17), (8,18),
(9,19), (10,20), (1,21), (2,22), (3,23), (4,24), (5,25), (6,26),
(7,27), (8,28), (9,29), (10,30), (1,31), (2,32)
;


-- linea_investigacion_proyecto
INSERT INTO linea_investigacion_proyecto (id_linea, id_proyecto) VALUES
(1, 2),   -- Smart Farm → Energías renovables
(1, 3),   -- Sistema IoT temperatura → Energías renovables
(2, 5),   -- Estabilizador inercia → Eficiencia energética
(3, 6),   -- Robot Arduino → Automatización y robótica
(3, 7),   -- Robot 600 vatios → Automatización y robótica
(3, 8),   -- Navegación autónoma → Automatización y robótica
(4, 10),  -- Gestión inmobiliaria → Diseño y manufactura
(5, 4),   -- Sistema Web gestión → Software y TIC
(5, 11),  -- Nómina simulador → Software y TIC
(5, 18),  -- App Web JAL → Software y TIC
(5, 20),  -- SGIRD software restaurante → Software y TIC
(6, 27),  -- Agentes IA software → IA y machine learning
(6, 28),  -- Arduino iniciación → IA y machine learning
(7, 29),  -- Problemas entorno C# → Ciberseguridad (en parte software)
(8, 9),   -- Sistema Ágil Cívica → Electrónica aplicada
(9, 21),  -- Simulación estructura → Telecomunicaciones
(10, 12), -- Estampado neumático → Ingeniería ambiental
(11, 22), -- Banda transportadora → Producción y logística
(11, 23), -- Modelo control actuadores → Producción y logística
(12, 13), -- SYSARCS acceso rápido → Gestión empresarial
(13, 14), -- Empresa y desarrollo → Emprendimiento
(15, 15), -- Banda troqueladora → Diseño e innovación
(15, 30), -- Antena HORN → Diseño e innovación
(16, 16), -- Máquina elaboración → Mantenimiento aero.
(17, 17), -- InkPOS → Educación y aprendizaje
(17, 19), -- Helados Mi familia → Educación y aprendizaje
(18, 24), -- Control dispositivos Telegram → Optimización industrial
(19, 25), -- Plataforma Stewart → Transformación digital
(20, 26), -- Control programado sistema → Ciencias aplicadas
(20, 31), -- Controlador PID → Ciencias aplicadas
(20, 32); -- Levitador neumático → Ciencias aplicadas


-- taller_proyecto
INSERT INTO taller_proyecto (id_proyecto, id_taller) VALUES
(1,1),(13,2),(11,3),(12,4),(14,5),(15,6),(21,1),(16,2),(17,3),(18,4);


INSERT INTO entregable_proyecto (id_proyecto, id_entregable) VALUES
(1, 11),   -- Smart Health → Informe escrito completo
(2, 12),   -- Smart Farm → Prototipo funcional
(3, 13),   -- IoT temperatura → Informe en diapositivas
(4, 12),   -- Sistema Web → Prototipo funcional
(5, 15),   -- Estabilizador → Informe demostrativo
(6, 16),   -- Robot Arduino → Prototipo código fuente
(7, 17),   -- Robot 600 vatios → Guía de instalación
(8, 18),   -- Navegación autónoma → Mapa de procesos
(9, 19),   -- Ágil Cívica → Informe de pruebas
(10, 20),  -- Inmobiliaria 360 → Documento de requerimientos
(11, 21),  -- Nómina simulador → Póster de condorito
(12, 11),  -- Estampado neumático → Informe escrito completo
(13, 12),  -- SYSARCS → Prototipo funcional
(14, 13),  -- Empresa desarrollo → Informe en diapositivas
(15, 14),  -- Banda troqueladora → Manual de usuario
(16, 15),  -- Máquina elaboración → Informe demostrativo
(17, 16),  -- InkPOS → Prototipo código fuente
(18, 17),  -- App JAL → Guía de instalación
(19, 18),  -- Helados → Mapa de procesos
(20, 19),  -- SGIRD restaurante → Informe de pruebas
(21, 20),  -- Simulación estructura → Documento de requerimientos
(22, 21),  -- Banda transportadora → Póster de condorito
(23, 11),  -- Modelo control actuadores → Informe escrito completo
(24, 12),  -- Control vía Telegram → Prototipo funcional
(25, 13),  -- Plataforma Stewart → Informe en diapositivas
(26, 14),  -- Control programado → Manual de usuario
(27, 15),  -- Agentes IA → Informe demostrativo
(28, 16),  -- Arduino iniciación → Prototipo código fuente
(29, 17),  -- Problemas entorno C# → Guía de instalación
(30, 18),  -- Antena HORN → Mapa de procesos
(31, 19),  -- Controlador PID → Informe de pruebas
(32, 20);  -- Levitador neumático → Documento de requerimientos